0000000, 0, 0
1011404, 100, 59840
1011403, 86.1146, 51532
1011402, 74.0608, 44319
1011401, 63.9606, 38275
1011304, 55.1989, 33032
1011303, 47.9963, 28722
1011302, 41.3085, 24720
1011301, 35.4612, 21221
1011204, 30.3426, 18158
1011203, 26.5792, 15906
1011202, 22.9295, 13722
1011201, 19.6574, 11764
1011104, 16.8015, 10055
1011103, 14.5939, 8734
1011102, 12.6186, 7552
1011101, 10.9108, 6530
1011100, 9.36, 5602
1011004, 8.1217, 4861
1011003, 7.0438, 4216
1011002, 5.9843, 3582
1011001, 4.9632, 2971
1010904, 4.1678, 2495
1010903, 3.628, 2172
1010902, 3.1033, 1858
1010901, 2.637, 1579
1010804, 2.2209, 1330
1010803, 1.9385, 1161
1010802, 1.6962, 1016
1010801, 1.4639, 877
1010800, 1.24, 743
1010704, 0.884, 530
1010703, 0.7487, 449
1010702, 0.625, 375
1010701, 0.5164, 310
1010604, 0.4195, 252
1010603, 0.3459, 208
1010602, 0.3008, 181
1010601, 0.264, 159
1010504, 0.2373, 143
1010503, 0.2005, 121
1010502, 0.1855, 112
1010501, 0.1705, 103
1010500, 0.1588, 96
1010404, 0.0568, 35
1010403, 0.0485, 30
1010402, 0.0384, 24
1010401, 0.0318, 20
1010304, 0.0217, 14
1010303, 0.0184, 12
1010302, 0.01, 7
1010204, 0.0067, 5
1010203, 0.005, 4
1010201, 0.0033, 3
1000000, 0, 0
2080700, 100, 59840
2080700, 99.9967, 59839
2080608, 99.995, 59838
2080600, 99.9933, 59837
2080500, 99.99, 59835
2080400, 99.985, 59832
2080306, 99.9816, 59830
2080300, 99.9799, 59829
2080200, 99.9599, 59817
2041444, 99.9398, 59805
2041443, 99.9348, 59802
2041442, 99.9281, 59798
2041441, 99.9248, 59796
2041433, 99.9231, 59795
2041432, 99.9215, 59794
2041431, 99.9181, 59792
2041421, 99.9164, 59791
2041404, 99.9148, 59790
2041403, 99.7326, 59681
2041402, 99.6725, 59645
2041400, 99.6674, 59642
2041344, 99.6658, 59641
2041343, 99.6491, 59631
2041342, 99.629, 59619
2041341, 99.6106, 59608
2041333, 99.6023, 59603
2041332, 99.5822, 59591
2041331, 99.5605, 59578
2041322, 99.5555, 59575
2041321, 99.5538, 59574
2041304, 99.5488, 59571
2041303, 99.4769, 59528
2041302, 99.4418, 59507
2041244, 99.4268, 59498
2041243, 99.2965, 59420
2041242, 99.0642, 59281
2041241, 98.9255, 59198
2041234, 98.8904, 59177
2041233, 98.8887, 59176
2041232, 98.8152, 59132
2041231, 98.7199, 59075
2041224, 98.6932, 59059
2041223, 98.6915, 59058
2041222, 98.6898, 59057
2041221, 98.6581, 59038
2041211, 98.6297, 59021
2041204, 98.6113, 59010
2041203, 98.1501, 58734
2041202, 97.9495, 58614
2041201, 97.9061, 58588
2041200, 97.9044, 58587
2041144, 97.871, 58567
2041143, 97.5418, 58370
2041142, 97.0137, 58054
2041141, 96.6878, 57859
2041133, 96.6243, 57821
2041132, 96.4873, 57739
2041131, 96.2283, 57584
2041122, 96.1698, 57549
2041121, 96.0678, 57488
2041111, 96.0277, 57464
2041104, 96.0244, 57462
2041103, 95.0618, 56886
2041102, 94.6758, 56655
2041101, 94.5421, 56575
2041100, 94.5371, 56572
2041044, 94.4936, 56546
2041043, 94.1594, 56346
2041042, 93.4893, 55945
2041041, 93.0348, 55673
2041033, 92.9345, 55613
2041032, 92.7523, 55504
2041031, 92.3947, 55290
2041023, 92.3078, 55238
2041022, 92.3061, 55237
2041021, 92.2042, 55176
2041014, 92.109, 55119
2041013, 92.1073, 55118
2041012, 92.1039, 55116
2041011, 92.1023, 55115
2041004, 92.0956, 55111
2041003, 90.7119, 54283
2041002, 90.0735, 53901
2041001, 89.8914, 53792
2041000, 89.8797, 53785
2040944, 89.7677, 53718
2040943, 89.2948, 53435
2040942, 88.4893, 52953
2040941, 88.0699, 52702
2040934, 87.9479, 52629
2040933, 87.9462, 52628
2040932, 87.7156, 52490
2040931, 87.2878, 52234
2040924, 87.1791, 52169
2040922, 87.1758, 52167
2040921, 87.0471, 52090
2040914, 86.9251, 52017
2040912, 86.9235, 52016
2040911, 86.9218, 52015
2040904, 86.9134, 52010
2040903, 85.2122, 50992
2040902, 84.4385, 50529
2040901, 84.2062, 50390
2040900, 84.1912, 50381
2040844, 84.0424, 50292
2040843, 83.623, 50041
2040842, 82.6537, 49461
2040841, 82.1791, 49177
2040834, 82.0371, 49092
2040833, 82.0321, 49089
2040832, 81.7714, 48933
2040831, 81.3302, 48669
2040823, 81.2099, 48597
2040822, 81.2082, 48596
2040821, 81.0712, 48514
2040814, 80.9776, 48458
2040813, 80.9759, 48457
2040812, 80.9743, 48456
2040811, 80.9726, 48455
2040804, 80.9559, 48445
2040803, 78.9238, 47229
2040802, 77.9729, 46660
2040801, 77.6939, 46493
2040800, 77.6822, 46486
2040744, 77.4749, 46362
2040743, 77.0822, 46127
2040742, 76.138, 45562
2040741, 75.5882, 45233
2040733, 75.483, 45170
2040732, 75.1838, 44991
2040731, 74.7025, 44703
2040722, 74.5822, 44631
2040721, 74.4335, 44542
2040713, 74.3199, 44474
2040712, 74.3165, 44472
2040711, 74.3132, 44470
2040704, 74.2948, 44459
2040703, 72.1123, 43153
2040702, 71.1949, 42604
2040701, 70.864, 42406
2040700, 70.8422, 42393
2040644, 70.6267, 42264
2040643, 70.1888, 42002
2040642, 69.3934, 41526
2040641, 68.9221, 41244
2040633, 68.7767, 41157
2040632, 68.5144, 41000
2040631, 68.0832, 40742
2040623, 67.988, 40685
2040622, 67.9863, 40684
2040621, 67.8626, 40610
2040613, 67.7356, 40534
2040612, 67.7323, 40532
2040611, 67.7306, 40531
2040604, 67.7072, 40517
2040603, 65.5314, 39215
2040602, 64.4569, 38572
2040601, 64.1043, 38361
2040600, 64.0876, 38351
2040544, 63.882, 38228
2040543, 63.516, 38009
2040542, 62.764, 37559
2040541, 62.3646, 37320
2040534, 62.2794, 37269
2040533, 62.2761, 37267
2040532, 62.0605, 37138
2040531, 61.6711, 36905
2040523, 61.5424, 36828
2040522, 61.5408, 36827
2040521, 61.4188, 36754
2040511, 61.3285, 36700
2040504, 61.3168, 36693
2040503, 59.2079, 35431
2040502, 58.2904, 34882
2040501, 57.9813, 34697
2040500, 57.9545, 34681
2040444, 57.734, 34549
2040443, 57.3713, 34332
2040442, 56.6979, 33929
2040441, 56.3386, 33714
2040433, 56.24, 33655
2040432, 56.0211, 33524
2040431, 55.6601, 33308
2040424, 55.5565, 33246
2040422, 55.5548, 33245
2040421, 55.4512, 33183
2040413, 55.3727, 33136
2040412, 55.371, 33135
2040411, 55.3693, 33134
2040404, 55.361, 33129
2040403, 53.2854, 31887
2040402, 52.3078, 31302
2040401, 51.9636, 31096
2040400, 51.9402, 31082
2040344, 51.7296, 30956
2040343, 51.4021, 30760
2040342, 50.864, 30438
2040341, 50.5114, 30227
2040333, 50.4529, 30192
2040332, 50.2774, 30087
2040331, 49.9582, 29896
2040324, 49.863, 29839
2040322, 49.8596, 29837
2040321, 49.7727, 29785
2040314, 49.7092, 29747
2040313, 49.7076, 29746
2040312, 49.7059, 29745
2040311, 49.7042, 29744
2040304, 49.6959, 29739
2040303, 47.8242, 28619
2040302, 46.89, 28060
2040301, 46.6026, 27888
2040300, 46.5809, 27875
2040244, 46.372, 27750
2040243, 46.1163, 27597
2040242, 45.625, 27303
2040241, 45.3676, 27149
2040233, 45.2924, 27104
2040232, 45.1537, 27021
2040231, 44.9164, 26879
2040222, 44.8463, 26837
2040221, 44.7894, 26803
2040212, 44.7393, 26773
2040211, 44.736, 26771
2040204, 44.7226, 26763
2040203, 42.7657, 25592
2040202, 41.7747, 24999
2040201, 41.489, 24828
2040200, 41.4773, 24821
2021413, 41.255, 24688
2021412, 41.0729, 24579
2021411, 40.7386, 24379
2021410, 40.3626, 24154
2021409, 39.9666, 23917
2021408, 39.6641, 23736
2021407, 39.4017, 23579
2021406, 39.1611, 23435
2021405, 39.0358, 23360
2021404, 38.9388, 23302
2021403, 38.8987, 23278
2021402, 38.8787, 23266
2021400, 38.8737, 23263
2021314, 38.8001, 23219
2021312, 38.7099, 23165
2021311, 38.2637, 22898
2021310, 37.6822, 22550
2021309, 37.0304, 22160
2021308, 36.499, 21842
2021307, 36.0678, 21584
2021306, 35.6935, 21360
2021305, 35.4896, 21238
2021304, 35.3142, 21133
2021303, 35.2273, 21081
2021302, 35.1755, 21050
2021300, 35.1638, 21043
2021214, 35.0719, 20988
2021213, 34.9749, 20930
2021211, 34.7126, 20773
2021210, 33.9622, 20324
2021209, 33.237, 19890
2021208, 32.49, 19443
2021207, 31.89, 19084
2021206, 31.4138, 18799
2021205, 31.0795, 18599
2021204, 30.869, 18473
2021203, 30.7637, 18410
2021202, 30.7253, 18387
2021200, 30.6969, 18370
2021114, 30.61, 18318
2021113, 30.4813, 18241
2021112, 30.1621, 18050
2021110, 29.8479, 17862
2021109, 29.0241, 17369
2021108, 28.1935, 16872
2021107, 27.4465, 16425
2021106, 26.8951, 16095
2021105, 26.5391, 15882
2021104, 26.3168, 15749
2021103, 26.2049, 15682
2021102, 26.1698, 15661
2021100, 26.1481, 15648
2021014, 26.0678, 15600
2021013, 25.9709, 15542
2021012, 25.7102, 15386
2021011, 25.3844, 15191
2021009, 24.995, 14958
2021008, 24.0525, 14394
2021007, 23.2186, 13895
2021006, 22.5719, 13508
2021005, 22.1791, 13273
2021004, 21.9001, 13106
2021003, 21.7697, 13028
2021002, 21.6945, 12983
2021000, 21.6745, 12971
2020914, 21.5892, 12920
2020913, 21.5023, 12868
2020912, 21.2216, 12700
2020911, 20.8773, 12494
2020910, 20.4963, 12266
2020908, 20.1604, 12065
2020907, 19.3182, 11561
2020906, 18.6731, 11175
2020905, 18.2152, 10901
2020904, 17.9278, 10729
2020903, 17.7908, 10647
2020902, 17.7256, 10608
2020900, 17.6955, 10590
2020814, 17.6153, 10542
2020813, 17.5167, 10483
2020812, 17.241, 10318
2020811, 16.7881, 10047
2020810, 16.3703, 9797
2020809, 15.9676, 9556
2020807, 15.5999, 9336
2020806, 14.8229, 8871
2020805, 14.2848, 8549
2020804, 14.0023, 8380
2020803, 13.862, 8296
2020802, 13.8252, 8274
2020800, 13.8035, 8261
2020714, 13.7634, 8237
2020713, 13.6648, 8178
2020712, 13.4041, 8022
2020711, 13.0247, 7795
2020710, 12.6554, 7574
2020709, 12.241, 7326
2020708, 11.9368, 7144
2020706, 11.626, 6958
2020705, 11.1013, 6644
2020704, 10.8088, 6469
2020703, 10.6684, 6385
2020702, 10.63, 6362
2020700, 10.6049, 6347
2020614, 10.5548, 6317
2020613, 10.4863, 6276
2020612, 10.2691, 6146
2020611, 9.9231, 5939
2020610, 9.5605, 5722
2020609, 9.2162, 5516
2020608, 8.9071, 5331
2020607, 8.6648, 5186
2020605, 8.4626, 5065
2020604, 8.1367, 4870
2020603, 8.0147, 4797
2020602, 7.9612, 4765
2020600, 7.9445, 4755
2020514, 7.9011, 4729
2020513, 7.8493, 4698
2020512, 7.6303, 4567
2020511, 7.3396, 4393
2020510, 7.0438, 4216
2020509, 6.738, 4033
2020508, 6.5107, 3897
2020507, 6.2884, 3764
2020506, 6.113, 3659
2020504, 5.9693, 3573
2020503, 5.8372, 3494
2020502, 5.7938, 3468
2020500, 5.7754, 3457
2020414, 5.7386, 3435
2020413, 5.6701, 3394
2020412, 5.4896, 3286
2020411, 5.2406, 3137
2020410, 4.9449, 2960
2020409, 4.7126, 2821
2020408, 4.4953, 2691
2020407, 4.3466, 2602
2020406, 4.2346, 2535
2020405, 4.1444, 2481
2020403, 4.1026, 2456
2020402, 4.0625, 2432
2020400, 4.0408, 2419
2020314, 4.0023, 2396
2020313, 3.9221, 2348
2020312, 3.7734, 2259
2020311, 3.5712, 2138
2020310, 3.3422, 2001
2020309, 3.1568, 1890
2020308, 3.0214, 1809
2020307, 2.9295, 1754
2020306, 2.8509, 1707
2020305, 2.8209, 1689
2020304, 2.7941, 1673
2020302, 2.7791, 1664
2020300, 2.7507, 1647
2020214, 2.7172, 1627
2020213, 2.6588, 1592
2020212, 2.5251, 1512
2020211, 2.3646, 1416
2020210, 2.2025, 1319
2020209, 2.0588, 1233
2020208, 1.9586, 1173
2020207, 1.8783, 1125
2020206, 1.8316, 1097
2020205, 1.7965, 1076
2020204, 1.7848, 1069
2020203, 1.7781, 1065
2020200, 1.763, 1056
2011413, 1.7413, 1043
2011412, 1.7313, 1037
2011411, 1.6845, 1009
2011410, 1.6126, 966
2011409, 1.5324, 918
2011408, 1.4606, 875
2011407, 1.4121, 846
2011406, 1.3703, 821
2011405, 1.3419, 804
2011404, 1.3118, 786
2011403, 1.2667, 759
2011402, 1.2233, 733
2011401, 1.1898, 713
2011400, 1.1748, 704
2011312, 1.1731, 703
2011311, 1.1414, 684
2011310, 1.1013, 660
2011309, 1.0428, 625
2011308, 0.9659, 579
2011307, 0.9225, 553
2011306, 0.8656, 519
2011305, 0.8339, 500
2011304, 0.8105, 486
2011303, 0.7921, 475
2011302, 0.767, 460
2011301, 0.752, 451
2011211, 0.7436, 446
2011210, 0.7086, 425
2011209, 0.6434, 386
2011208, 0.5882, 353
2011207, 0.5398, 324
2011206, 0.4963, 298
2011205, 0.4629, 278
2011204, 0.4345, 261
2011203, 0.4195, 252
2011202, 0.4094, 246
2011201, 0.4061, 244
2011200, 0.3977, 239
2011110, 0.3961, 238
2011109, 0.3743, 225
2011108, 0.3426, 206
2011107, 0.3158, 190
2011106, 0.2891, 174
2011105, 0.2724, 164
2011104, 0.2691, 162
2011103, 0.264, 159
2011102, 0.2574, 155
2011101, 0.2523, 152
2011013, 0.249, 150
2011009, 0.2473, 149
2011008, 0.2256, 136
2011007, 0.1939, 117
2011006, 0.1755, 106
2011005, 0.1638, 99
2011004, 0.1588, 96
2011003, 0.1537, 93
2011002, 0.1471, 89
2011001, 0.1437, 87
2010908, 0.142, 86
2010907, 0.127, 77
2010906, 0.1136, 69
2010905, 0.1003, 61
2010904, 0.0969, 59
2010903, 0.0902, 55
2010807, 0.0852, 52
2010806, 0.0735, 45
2010804, 0.0668, 41
2010801, 0.0602, 37
2010706, 0.0585, 36
2010704, 0.0535, 33
2010703, 0.0485, 30
2010609, 0.0468, 29
2010605, 0.0451, 28
2010604, 0.0418, 26
2010603, 0.0384, 24
2010602, 0.0318, 20
2010601, 0.0301, 19
2010504, 0.0267, 17
2010502, 0.0251, 16
2010501, 0.0234, 15
2010404, 0.0217, 14
2010403, 0.0167, 11
2010304, 0.0117, 8
2010303, 0.01, 7
2010204, 0.005, 4
2010203, 0.0033, 3
2010201, 0.0017, 2
2000000, 0, 0
3081400, 100, 59840
3081400, 99.9967, 59839
3081306, 99.995, 59838
3081304, 99.9933, 59837
3081300, 99.9916, 59836
3081206, 99.9883, 59834
3081204, 99.9866, 59833
3081202, 99.985, 59832
3081200, 99.9833, 59831
3081109, 99.9766, 59827
3081103, 99.9733, 59825
3081100, 99.9716, 59824
3081008, 99.9582, 59816
3081007, 99.9532, 59813
3081005, 99.9482, 59810
3081004, 99.9398, 59805
3081003, 99.9365, 59803
3081002, 99.9332, 59801
3081000, 99.9315, 59800
3080907, 99.9181, 59792
3080906, 99.9131, 59789
3080905, 99.9064, 59785
3080904, 99.9014, 59782
3080903, 99.8997, 59781
3080900, 99.893, 59777
3080812, 99.863, 59759
3080811, 99.8613, 59758
3080810, 99.8563, 59755
3080807, 99.8546, 59754
3080806, 99.8446, 59748
3080805, 99.8379, 59744
3080804, 99.8295, 59739
3080803, 99.8128, 59729
3080802, 99.7978, 59720
3080800, 99.7945, 59718
3080711, 99.7527, 59693
3080708, 99.7493, 59691
3080706, 99.736, 59683
3080705, 99.7243, 59676
3080704, 99.7009, 59662
3080703, 99.6825, 59651
3080702, 99.6624, 59639
3080700, 99.6574, 59636
3080611, 99.5922, 59597
3080610, 99.5889, 59595
3080609, 99.5856, 59593
3080608, 99.5789, 59589
3080607, 99.5705, 59584
3080605, 99.5672, 59582
3080604, 99.5388, 59565
3080603, 99.5087, 59547
3080602, 99.4886, 59535
3080600, 99.4803, 59530
3080512, 99.3984, 59481
3080511, 99.3917, 59477
3080510, 99.3884, 59475
3080509, 99.3817, 59471
3080508, 99.3616, 59459
3080507, 99.3533, 59454
3080506, 99.3382, 59445
3080504, 99.3199, 59434
3080503, 99.2781, 59409
3080502, 99.248, 59391
3080500, 99.2413, 59387
3080411, 99.1561, 59336
3080410, 99.1494, 59332
3080409, 99.1427, 59328
3080408, 99.1293, 59320
3080407, 99.1076, 59307
3080406, 99.0842, 59293
3080405, 99.0441, 59269
3080403, 98.9973, 59241
3080402, 98.9622, 59220
3080400, 98.9439, 59209
3080312, 98.8252, 59138
3080311, 98.8235, 59137
3080310, 98.8152, 59132
3080309, 98.8102, 59129
3080308, 98.7751, 59108
3080307, 98.7467, 59091
3080306, 98.7116, 59070
3080305, 98.6547, 59036
3080304, 98.5996, 59003
3080302, 98.5578, 58978
3080300, 98.5478, 58972
3080213, 98.4091, 58889
3080212, 98.4074, 58888
3080211, 98.4057, 58887
3080210, 98.3874, 58876
3080209, 98.3707, 58866
3080208, 98.3322, 58843
3080207, 98.2771, 58810
3080206, 98.2169, 58774
3080205, 98.1618, 58741
3080204, 98.0966, 58702
3080203, 98.0682, 58685
3080200, 98.0398, 58668
3041444, 97.866, 58564
3041443, 97.7507, 58495
3041442, 97.5201, 58357
3041441, 97.368, 58266
3041433, 97.3396, 58249
3041432, 97.2326, 58185
3041431, 97.1073, 58110
3041422, 97.0739, 58090
3041421, 97.0271, 58062
3041413, 97.002, 58047
3041411, 96.9987, 58045
3041404, 96.9936, 58042
3041403, 96.3803, 57675
3041402, 96.1414, 57532
3041401, 96.0595, 57483
3041400, 96.0578, 57482
3041344, 96.0445, 57474
3041343, 95.2457, 56996
3041342, 94.1427, 56336
3041341, 93.506, 55955
3041333, 93.3506, 55862
3041332, 93.0548, 55685
3041331, 92.4749, 55338
3041324, 92.3513, 55264
3041323, 92.3479, 55262
3041322, 92.3429, 55259
3041321, 92.2126, 55181
3041314, 92.0622, 55091
3041313, 92.0605, 55090
3041312, 92.0588, 55089
3041311, 92.0572, 55088
3041304, 92.0438, 55080
3041303, 89.4769, 53544
3041302, 88.491, 52954
3041301, 88.1668, 52760
3041300, 88.1434, 52746
3041244, 87.9562, 52634
3041243, 87.0321, 52081
3041242, 85.5147, 51173
3041241, 84.6608, 50662
3041234, 84.4519, 50537
3041233, 84.4502, 50536
3041232, 84.0842, 50317
3041231, 83.4358, 49929
3041224, 83.257, 49822
3041223, 83.2537, 49820
3041222, 83.247, 49816
3041221, 83.0966, 49726
3041214, 82.9345, 49629
3041213, 82.9328, 49628
3041212, 82.9295, 49626
3041211, 82.9245, 49623
3041204, 82.8844, 49599
3041203, 79.6908, 47688
3041202, 78.3138, 46864
3041201, 77.9011, 46617
3041200, 77.8877, 46609
3041144, 77.6337, 46457
3041143, 76.9218, 46031
3041142, 75.5481, 45209
3041141, 74.8596, 44797
3041133, 74.6875, 44694
3041132, 74.2764, 44448
3041131, 73.6497, 44073
3041124, 73.4993, 43983
3041122, 73.496, 43981
3041121, 73.3339, 43884
3041114, 73.1701, 43786
3041113, 73.1684, 43785
3041112, 73.1634, 43782
3041111, 73.1618, 43781
3041104, 73.1283, 43761
3041103, 69.9348, 41850
3041102, 68.5862, 41043
3041101, 68.1551, 40785
3041100, 68.1267, 40768
3041044, 67.8727, 40616
3041043, 67.2042, 40216
3041042, 66.1046, 39558
3041041, 65.4629, 39174
3041034, 65.3025, 39078
3041033, 65.3008, 39077
3041032, 64.9449, 38864
3041031, 64.3783, 38525
3041024, 64.238, 38441
3041022, 64.233, 38438
3041021, 64.0575, 38333
3041012, 63.9205, 38251
3041011, 63.9154, 38248
3041004, 63.8987, 38238
3041003, 60.8021, 36385
3041002, 59.4469, 35574
3041001, 59.0157, 35316
3041000, 58.9873, 35299
3040944, 58.7099, 35133
3040943, 58.2654, 34867
3040942, 57.2911, 34284
3040941, 56.6928, 33926
3040934, 56.5675, 33851
3040933, 56.5658, 33850
3040932, 56.2968, 33689
3040931, 55.8172, 33402
3040924, 55.6969, 33330
3040923, 55.6935, 33328
3040922, 55.6902, 33326
3040921, 55.5097, 33218
3040913, 55.3626, 33130
3040911, 55.3593, 33128
3040904, 55.3476, 33121
3040903, 52.6186, 31488
3040902, 51.2801, 30687
3040901, 50.8305, 30418
3040900, 50.8105, 30406
3040844, 50.513, 30228
3040843, 50.1471, 30009
3040842, 49.2981, 29501
3040841, 48.8787, 29250
3040834, 48.7701, 29185
3040833, 48.7684, 29184
3040832, 48.5043, 29026
3040831, 48.0932, 28780
3040824, 48.0097, 28730
3040822, 48.008, 28729
3040821, 47.8509, 28635
3040813, 47.749, 28574
3040811, 47.7473, 28573
3040804, 47.7423, 28570
3040803, 45.2958, 27106
3040802, 44.0725, 26374
3040801, 43.7149, 26160
3040800, 43.6865, 26143
3040744, 43.4208, 25984
3040743, 43.1584, 25827
3040742, 42.505, 25436
3040741, 42.2276, 25270
3040733, 42.1541, 25226
3040732, 41.982, 25123
3040731, 41.6594, 24930
3040724, 41.5792, 24882
3040723, 41.5775, 24881
3040722, 41.5759, 24880
3040721, 41.484, 24825
3040712, 41.382, 24764
3040711, 41.3787, 24762
3040704, 41.3753, 24760
3040703, 39.2447, 23485
3040702, 38.1534, 22832
3040701, 37.8058, 22624
3040700, 37.7841, 22611
3040644, 37.5134, 22449
3040643, 37.3112, 22328
3040642, 36.8282, 22039
3040641, 36.5709, 21885
3040634, 36.5023, 21844
3040633, 36.5007, 21843
3040632, 36.3285, 21740
3040631, 36.0862, 21595
3040622, 36.0177, 21554
3040621, 35.9408, 21508
3040613, 35.8757, 21469
3040611, 35.874, 21468
3040604, 35.8623, 21461
3040603, 34.0007, 20347
3040602, 33.0481, 19777
3040601, 32.7273, 19585
3040600, 32.7072, 19573
3040544, 32.4933, 19445
3040543, 32.3162, 19339
3040542, 31.9569, 19124
3040541, 31.748, 18999
3040533, 31.6945, 18967
3040532, 31.5892, 18904
3040531, 31.3854, 18782
3040522, 31.3503, 18761
3040521, 31.2801, 18719
3040513, 31.2299, 18689
3040511, 31.2283, 18688
3040504, 31.2182, 18682
3040503, 29.6541, 17746
3040502, 28.9255, 17310
3040501, 28.6631, 17153
3040500, 28.6414, 17140
3040444, 28.4626, 17033
3040443, 28.3222, 16949
3040442, 28.0264, 16772
3040441, 27.8743, 16681
3040433, 27.8175, 16647
3040432, 27.734, 16597
3040431, 27.5568, 16491
3040422, 27.515, 16466
3040421, 27.4749, 16442
3040414, 27.4532, 16429
3040413, 27.4515, 16428
3040411, 27.4499, 16427
3040404, 27.4465, 16425
3040403, 26.1598, 15655
3040402, 25.4696, 15242
3040401, 25.2139, 15089
3040400, 25.2039, 15083
3040344, 25.0418, 14986
3040343, 24.9281, 14918
3040342, 24.6975, 14780
3040341, 24.6006, 14722
3040334, 24.5689, 14703
3040333, 24.5672, 14702
3040332, 24.487, 14654
3040331, 24.3516, 14573
3040324, 24.3065, 14546
3040322, 24.3048, 14545
3040321, 24.2714, 14525
3040313, 24.2513, 14513
3040311, 24.2497, 14512
3040304, 24.248, 14511
3040303, 23.135, 13845
3040302, 22.6003, 13525
3040301, 22.3997, 13405
3040300, 22.3897, 13399
3040244, 22.2577, 13320
3040243, 22.1908, 13280
3040242, 22.0037, 13168
3040241, 21.8549, 13079
3040234, 21.8299, 13064
3040233, 21.8282, 13063
3040232, 21.763, 13024
3040231, 21.6594, 12962
3040223, 21.6227, 12940
3040222, 21.621, 12939
3040221, 21.6009, 12927
3040212, 21.5809, 12915
3040211, 21.5792, 12914
3040204, 21.5742, 12911
3040203, 20.752, 12419
3040202, 20.3058, 12152
3040201, 20.1571, 12063
3040200, 20.1537, 12061
3021413, 20.0384, 11992
3021412, 20.0167, 11979
3021411, 20.0033, 11971
3021410, 19.9315, 11928
3021409, 19.6875, 11782
3021408, 19.3349, 11571
3021407, 18.9205, 11323
3021406, 18.4609, 11048
3021405, 18.0715, 10815
3021404, 17.8426, 10678
3021403, 17.7089, 10598
3021402, 17.6554, 10566
3021400, 17.6287, 10550
3021314, 17.6253, 10548
3021312, 17.622, 10546
3021311, 17.5936, 10529
3021310, 17.4933, 10469
3021309, 17.2961, 10351
3021308, 16.8416, 10079
3021307, 16.2533, 9727
3021306, 15.6634, 9374
3021305, 15.254, 9129
3021304, 14.8797, 8905
3021303, 14.6858, 8789
3021302, 14.6023, 8739
3021300, 14.5789, 8725
3021214, 14.5304, 8696
3021213, 14.5254, 8693
3021211, 14.5087, 8683
3021210, 14.4134, 8626
3021209, 14.1578, 8473
3021208, 13.7149, 8208
3021207, 13.1267, 7856
3021206, 12.5334, 7501
3021205, 12.0722, 7225
3021204, 11.7029, 7004
3021203, 11.4906, 6877
3021202, 11.4021, 6824
3021200, 11.3837, 6813
3021113, 11.3386, 6786
3021112, 11.3118, 6770
3021110, 11.2416, 6728
3021109, 11.0729, 6627
3021108, 10.7537, 6436
3021107, 10.2707, 6147
3021106, 9.6808, 5794
3021105, 9.2731, 5550
3021104, 8.9271, 5343
3021103, 8.7066, 5211
3021102, 8.638, 5170
3021100, 8.6247, 5162
3021014, 8.5846, 5138
3021013, 8.5829, 5137
3021012, 8.5445, 5114
3021011, 8.4709, 5070
3021009, 8.3172, 4978
3021008, 8.1083, 4853
3021007, 7.7741, 4653
3021006, 7.3162, 4379
3021005, 6.8733, 4114
3021004, 6.5642, 3929
3021003, 6.4037, 3833
3021002, 6.3219, 3784
3021000, 6.2951, 3768
3020914, 6.2701, 3753
3020913, 6.2634, 3749
3020912, 6.2416, 3736
3020911, 6.1581, 3686
3020910, 6.011, 3598
3020908, 5.7971, 3470
3020907, 5.6283, 3369
3020906, 5.3359, 3194
3020905, 5.0418, 3018
3020904, 4.7777, 2860
3020903, 4.614, 2762
3020902, 4.5638, 2732
3020900, 4.5488, 2723
3020814, 4.5371, 2716
3020813, 4.5354, 2715
3020812, 4.502, 2695
3020811, 4.4201, 2646
3020810, 4.2914, 2569
3020809, 4.1009, 2455
3020807, 3.8686, 2316
3020806, 3.6982, 2214
3020805, 3.5077, 2100
3020804, 3.3055, 1979
3020803, 3.1601, 1892
3020802, 3.0999, 1856
3020800, 3.0849, 1847
3020714, 3.0715, 1839
3020713, 3.0682, 1837
3020712, 3.0448, 1823
3020711, 2.9913, 1791
3020710, 2.8844, 1727
3020709, 2.7657, 1656
3020708, 2.6103, 1563
3020706, 2.49, 1491
3020705, 2.4081, 1442
3020704, 2.2911, 1372
3020703, 2.2226, 1331
3020702, 2.1858, 1309
3020700, 2.1758, 1303
3020614, 2.1641, 1296
3020613, 2.1608, 1294
3020612, 2.129, 1275
3020611, 2.0722, 1241
3020610, 1.9619, 1175
3020609, 1.8483, 1107
3020608, 1.7547, 1051
3020607, 1.6578, 993
3020605, 1.5792, 946
3020604, 1.5475, 927
3020603, 1.5023, 900
3020602, 1.4773, 885
3020600, 1.4639, 877
3020514, 1.4589, 874
3020513, 1.4572, 873
3020512, 1.4455, 866
3020511, 1.4121, 846
3020510, 1.3235, 793
3020509, 1.2266, 735
3020508, 1.138, 682
3020507, 1.0645, 638
3020506, 0.9876, 592
3020504, 0.9559, 573
3020503, 0.9492, 569
3020502, 0.9375, 562
3020500, 0.9325, 559
3020414, 0.9208, 552
3020413, 0.9158, 549
3020412, 0.9057, 543
3020411, 0.8757, 525
3020410, 0.8422, 505
3020409, 0.7721, 463
3020408, 0.7152, 429
3020407, 0.6701, 402
3020406, 0.6367, 382
3020405, 0.6183, 371
3020403, 0.6066, 364
3020402, 0.6033, 362
3020400, 0.5966, 358
3020313, 0.5849, 351
3020312, 0.5816, 349
3020311, 0.5632, 338
3020310, 0.5331, 320
3020309, 0.513, 308
3020308, 0.4813, 289
3020307, 0.4545, 273
3020306, 0.4245, 255
3020305, 0.4128, 248
3020304, 0.4027, 242
3020302, 0.3977, 239
3020300, 0.3944, 237
3020212, 0.386, 232
3020211, 0.3844, 231
3020210, 0.381, 229
3020209, 0.371, 223
3020208, 0.3593, 216
3020207, 0.3426, 206
3020206, 0.3209, 193
3020205, 0.3058, 184
3020204, 0.2991, 180
3020203, 0.2958, 178
3020200, 0.2874, 173
3011411, 0.2841, 171
3011410, 0.2824, 170
3011409, 0.2741, 165
3011408, 0.264, 159
3011407, 0.2523, 152
3011406, 0.2423, 146
3011405, 0.2289, 138
3011404, 0.2189, 132
3011403, 0.2106, 127
3011402, 0.2089, 126
3011401, 0.2039, 123
3011310, 0.2022, 122
3011309, 0.1922, 116
3011308, 0.1872, 113
3011307, 0.1771, 107
3011306, 0.1588, 96
3011305, 0.142, 86
3011304, 0.132, 80
3011303, 0.1253, 76
3011302, 0.122, 74
3011301, 0.1203, 73
3011207, 0.1186, 72
3011206, 0.1103, 67
3011205, 0.1086, 66
3011204, 0.1003, 61
3011201, 0.0986, 60
3011110, 0.0969, 59
3011109, 0.0936, 57
3011108, 0.0919, 56
3011107, 0.0852, 52
3011106, 0.0785, 48
3011105, 0.0685, 42
3011104, 0.0635, 39
3011103, 0.0585, 36
3011101, 0.0568, 35
3011009, 0.0551, 34
3011008, 0.0518, 32
3011006, 0.0468, 29
3011005, 0.0434, 27
3011002, 0.0368, 23
3010905, 0.0334, 21
3010904, 0.0318, 20
3010903, 0.0301, 19
3010902, 0.0284, 18
3010807, 0.0251, 16
3010806, 0.0184, 12
3010805, 0.0167, 11
3010706, 0.015, 10
3010704, 0.0117, 8
3010701, 0.01, 7
3010605, 0.0084, 6
3010603, 0.0067, 5
3010602, 0.005, 4
3010501, 0.0033, 3
3010401, 0.0017, 2
3010303, 0.0, 1
3000000, 0, 0
4101100, 100, 59840
4101100, 99.9967, 59839
4091413, 99.9916, 59836
4091405, 99.9816, 59830
4091400, 99.9699, 59823
4091312, 99.9582, 59816
4091300, 99.9449, 59808
4091211, 99.9281, 59798
4091200, 99.9198, 59793
4091110, 99.9047, 59784
4091100, 99.8847, 59772
4091012, 99.8763, 59767
4091009, 99.8747, 59766
4091000, 99.8546, 59754
4090908, 99.8412, 59746
4090900, 99.8162, 59731
4090807, 99.8061, 59725
4090800, 99.7727, 59705
4090706, 99.761, 59698
4090700, 99.7393, 59685
4090605, 99.7243, 59676
4090600, 99.6674, 59642
4081413, 99.6574, 59636
4081412, 99.609, 59607
4081411, 99.5739, 59586
4081410, 99.5371, 59564
4081409, 99.4886, 59535
4081408, 99.4602, 59518
4081407, 99.4251, 59497
4081406, 99.4017, 59483
4081405, 99.3884, 59475
4081404, 99.385, 59473
4081400, 99.3817, 59471
4081314, 99.3783, 59469
4081312, 99.365, 59461
4081311, 99.3048, 59425
4081310, 99.2413, 59387
4081309, 99.1895, 59356
4081308, 99.116, 59312
4081307, 99.0692, 59284
4081306, 99.0174, 59253
4081305, 98.9957, 59240
4081304, 98.989, 59236
4081303, 98.9773, 59229
4081300, 98.9739, 59227
4081214, 98.9572, 59217
4081213, 98.9422, 59208
4081211, 98.9154, 59192
4081210, 98.877, 59169
4081209, 98.8085, 59128
4081208, 98.7383, 59086
4081207, 98.6681, 59044
4081206, 98.5963, 59001
4081205, 98.5461, 58971
4081204, 98.506, 58947
4081203, 98.501, 58944
4081202, 98.496, 58941
4081200, 98.4826, 58933
4081114, 98.4626, 58921
4081113, 98.4408, 58908
4081112, 98.3924, 58879
4081110, 98.3155, 58833
4081109, 98.2537, 58796
4081108, 98.1651, 58743
4081107, 98.0648, 58683
4081106, 97.9913, 58639
4081105, 97.9078, 58589
4081104, 97.8509, 58555
4081103, 97.8359, 58546
4081100, 97.8309, 58543
4081014, 97.7975, 58523
4081013, 97.7807, 58513
4081012, 97.7206, 58477
4081011, 97.6571, 58439
4081009, 97.5785, 58392
4081008, 97.4649, 58324
4081007, 97.3312, 58244
4081006, 97.2109, 58172
4081005, 97.1023, 58107
4081004, 97.0505, 58076
4081003, 97.0304, 58064
4081000, 97.0237, 58060
4080914, 96.9936, 58042
4080913, 96.982, 58035
4080912, 96.9218, 57999
4080911, 96.8549, 57959
4080910, 96.7547, 57899
4080908, 96.6427, 57832
4080907, 96.484, 57737
4080906, 96.3369, 57649
4080905, 96.1965, 57565
4080904, 96.1096, 57513
4080903, 96.0612, 57484
4080902, 96.0528, 57479
4080900, 96.0511, 57478
4080814, 96.0211, 57460
4080813, 95.991, 57442
4080812, 95.9225, 57401
4080811, 95.8172, 57338
4080810, 95.6852, 57259
4080809, 95.5548, 57181
4080807, 95.3977, 57087
4080806, 95.1755, 56954
4080805, 95.0301, 56867
4080804, 94.9298, 56807
4080803, 94.8697, 56771
4080802, 94.8563, 56763
4080800, 94.8546, 56762
4080714, 94.8045, 56732
4080713, 94.7894, 56723
4080712, 94.7443, 56696
4080711, 94.6407, 56634
4080710, 94.4502, 56520
4080709, 94.2931, 56426
4080708, 94.1293, 56328
4080706, 93.9589, 56226
4080705, 93.6915, 56066
4080704, 93.5745, 55996
4080703, 93.5294, 55969
4080702, 93.506, 55955
4080700, 93.501, 55952
4080614, 93.4609, 55928
4080613, 93.4408, 55916
4080612, 93.3456, 55859
4080611, 93.2253, 55787
4080610, 93.0264, 55668
4080609, 92.8075, 55537
4080608, 92.5618, 55390
4080607, 92.3162, 55243
4080605, 92.0922, 55109
4080604, 91.9352, 55015
4080603, 91.8633, 54972
4080602, 91.8382, 54957
4080600, 91.8366, 54956
4080514, 91.7797, 54922
4080513, 91.7497, 54904
4080512, 91.6728, 54858
4080511, 91.5291, 54772
4080510, 91.3168, 54645
4080509, 91.0795, 54503
4080508, 90.7888, 54329
4080507, 90.5297, 54174
4080506, 90.2958, 54034
4080504, 90.1454, 53944
4080503, 90.0568, 53891
4080502, 90.0318, 53876
4080500, 90.0284, 53874
4080414, 89.9549, 53830
4080413, 89.9432, 53823
4080412, 89.8613, 53774
4080411, 89.7126, 53685
4080410, 89.4502, 53528
4080409, 89.1344, 53339
4080408, 88.8436, 53165
4080407, 88.5227, 52973
4080406, 88.242, 52805
4080405, 88.0682, 52701
4080403, 87.9729, 52644
4080402, 87.9512, 52631
4080400, 87.9495, 52630
4080314, 87.8777, 52587
4080313, 87.8543, 52573
4080312, 87.7507, 52511
4080311, 87.5668, 52401
4080310, 87.2527, 52213
4080309, 86.8834, 51992
4080308, 86.5458, 51790
4080307, 86.1748, 51568
4080306, 85.8773, 51390
4080305, 85.6935, 51280
4080304, 85.6033, 51226
4080300, 85.5782, 51211
4080214, 85.5147, 51173
4080213, 85.4462, 51132
4080212, 85.3476, 51073
4080211, 85.1537, 50957
4080210, 84.8346, 50766
4080209, 84.4101, 50512
4080208, 83.9088, 50212
4080207, 83.4291, 49925
4080206, 83.1049, 49731
4080205, 82.9211, 49621
4080204, 82.8443, 49575
4080203, 82.8359, 49570
4080200, 82.8342, 49569
4061009, 82.734, 49509
4060605, 82.7323, 49508
4041444, 82.7306, 49507
4041443, 80.6952, 48289
4041442, 77.8259, 46572
4041441, 76.2567, 45633
4041433, 75.8439, 45386
4041432, 75.0936, 44937
4041431, 73.608, 44048
4041424, 73.2186, 43815
4041423, 73.2169, 43814
4041422, 73.2102, 43810
4041421, 72.7691, 43546
4041414, 72.3045, 43268
4041413, 72.2961, 43263
4041412, 72.2828, 43255
4041411, 72.2777, 43252
4041404, 72.2293, 43223
4041403, 63.867, 38219
4041402, 60.7888, 36377
4041401, 59.9215, 35858
4041400, 59.868, 35826
4041344, 59.1628, 35404
4041343, 57.998, 34707
4041342, 56.0528, 33543
4041341, 55.0719, 32956
4041334, 54.8245, 32808
4041333, 54.8229, 32807
4041332, 54.4268, 32570
4041331, 53.5194, 32027
4041323, 53.3172, 31906
4041322, 53.3138, 31904
4041321, 53.0314, 31735
4041314, 52.8158, 31606
4041313, 52.8125, 31604
4041312, 52.8108, 31603
4041311, 52.8092, 31602
4041304, 52.7841, 31587
4041303, 47.505, 28428
4041302, 45.2607, 27085
4041301, 44.5404, 26654
4041300, 44.497, 26628
4041244, 43.8987, 26270
4041243, 43.2086, 25857
4041242, 42.1106, 25200
4041241, 41.4856, 24826
4041234, 41.3285, 24732
4041233, 41.3269, 24731
4041232, 40.9977, 24534
4041231, 40.4462, 24204
4041224, 40.2908, 24111
4041223, 40.2891, 24110
4041222, 40.2858, 24108
4041221, 40.137, 24019
4041213, 40.0267, 23953
4041211, 40.0234, 23951
4041204, 40.005, 23940
4041203, 36.3168, 21733
4041202, 34.6608, 20742
4041201, 34.1176, 20417
4041200, 34.0826, 20396
4041144, 33.6146, 20116
4041143, 33.2804, 19916
4041142, 32.5769, 19495
4041141, 32.1441, 19236
4041134, 32.0321, 19169
4041133, 32.0271, 19166
4041132, 31.8299, 19048
4041131, 31.4021, 18792
4041123, 31.2483, 18700
4041122, 31.2467, 18699
4041121, 31.0946, 18608
4041114, 30.991, 18546
4041112, 30.986, 18543
4041111, 30.9843, 18542
4041104, 30.9743, 18536
4041103, 28.374, 16980
4041102, 27.0588, 16193
4041101, 26.6745, 15963
4041100, 26.6477, 15947
4041044, 26.4071, 15803
4041043, 26.1698, 15661
4041042, 25.6818, 15369
4041041, 25.4261, 15216
4041034, 25.3593, 15176
4041033, 25.3576, 15175
4041032, 25.1872, 15073
4041031, 24.8947, 14898
4041024, 24.8312, 14860
4041022, 24.8295, 14859
4041021, 24.746, 14809
4041014, 24.6691, 14763
4041011, 24.6674, 14762
4041004, 24.6608, 14758
4041003, 22.6855, 13576
4041002, 21.7948, 13043
4041001, 21.4873, 12859
4041000, 21.4672, 12847
4040944, 21.1832, 12677
4040943, 21.0194, 12579
4040942, 20.7186, 12399
4040941, 20.488, 12261
4040933, 20.4412, 12233
4040932, 20.3225, 12162
4040931, 20.1019, 12030
4040923, 20.0668, 12009
4040922, 20.0652, 12008
4040921, 19.9883, 11962
4040914, 19.9432, 11935
4040913, 19.9415, 11934
4040911, 19.9398, 11933
4040904, 19.9298, 11927
4040903, 18.4408, 11036
4040902, 17.6287, 10550
4040901, 17.4365, 10435
4040900, 17.4265, 10429
4040844, 17.1992, 10293
4040843, 17.0672, 10214
4040842, 16.8399, 10078
4040841, 16.6661, 9974
4040833, 16.6394, 9958
4040832, 16.5408, 9899
4040831, 16.4188, 9826
4040822, 16.3803, 9803
4040821, 16.3419, 9780
4040811, 16.3035, 9757
4040804, 16.3001, 9755
4040803, 15.1638, 9075
4040802, 14.5187, 8689
4040801, 14.3499, 8588
4040800, 14.3382, 8581
4040744, 14.2079, 8503
4040743, 14.1377, 8461
4040742, 13.9706, 8361
4040741, 13.8402, 8283
4040734, 13.8085, 8264
4040733, 13.8068, 8263
4040732, 13.735, 8220
4040731, 13.6046, 8142
4040722, 13.5829, 8129
4040721, 13.5628, 8117
4040711, 13.5328, 8099
4040704, 13.5311, 8098
4040703, 12.7005, 7601
4040702, 12.2594, 7337
4040701, 12.1123, 7249
4040700, 12.0973, 7240
4040644, 11.9402, 7146
4040643, 11.8717, 7105
4040642, 11.7564, 7036
4040641, 11.6928, 6998
4040633, 11.6795, 6990
4040632, 11.6427, 6968
4040631, 11.5675, 6923
4040624, 11.5475, 6911
4040623, 11.5458, 6910
4040622, 11.5441, 6909
4040621, 11.5291, 6900
4040613, 11.5074, 6887
4040604, 11.5057, 6886
4040603, 10.8723, 6507
4040602, 10.5314, 6303
4040601, 10.4211, 6237
4040600, 10.4128, 6232
4040544, 10.2774, 6151
4040543, 10.2373, 6127
4040542, 10.0902, 6039
4040541, 10.0401, 6009
4040534, 10.0234, 5999
4040533, 10.0217, 5998
4040532, 9.9783, 5972
4040531, 9.9098, 5931
4040522, 9.8947, 5922
4040521, 9.8279, 5882
4040511, 9.8112, 5872
4040504, 9.8095, 5871
4040503, 9.2781, 5553
4040502, 9.0291, 5404
4040501, 8.9422, 5352
4040500, 8.9338, 5347
4040444, 8.8185, 5278
4040443, 8.7717, 5250
4040442, 8.6798, 5195
4040441, 8.633, 5167
4040433, 8.613, 5155
4040432, 8.5929, 5143
4040431, 8.5478, 5116
4040424, 8.5361, 5109
4040422, 8.5344, 5108
4040421, 8.5244, 5102
4040411, 8.5177, 5098
4040404, 8.5144, 5096
4040403, 8.0949, 4845
4040402, 7.8994, 4728
4040401, 7.8158, 4678
4040400, 7.8142, 4677
4040344, 7.7223, 4622
4040343, 7.6905, 4603
4040342, 7.6019, 4550
4040341, 7.5635, 4527
4040333, 7.5485, 4518
4040332, 7.5201, 4501
4040331, 7.4632, 4467
4040322, 7.4499, 4459
4040321, 7.4348, 4450
4040313, 7.4181, 4440
4040311, 7.4164, 4439
4040304, 7.4148, 4438
4040303, 7.0605, 4226
4040302, 6.8767, 4116
4040301, 6.8249, 4085
4040300, 6.8199, 4082
4040244, 6.7547, 4043
4040243, 6.7263, 4026
4040242, 6.6661, 3990
4040241, 6.621, 3963
4040234, 6.6059, 3954
4040233, 6.6043, 3953
4040232, 6.5826, 3940
4040231, 6.5341, 3911
4040223, 6.5224, 3904
4040222, 6.5207, 3903
4040221, 6.5057, 3894
4040211, 6.4957, 3888
4040204, 6.494, 3887
4040203, 6.1949, 3708
4040202, 6.0745, 3636
4040201, 6.0211, 3604
4040200, 6.016, 3601
4021413, 5.9559, 3565
4021412, 5.869, 3513
4021411, 5.7955, 3469
4021410, 5.7086, 3417
4021409, 5.6233, 3366
4021408, 5.5348, 3313
4021407, 5.4362, 3254
4021406, 5.366, 3212
4021405, 5.3041, 3175
4021404, 5.2707, 3155
4021403, 5.2423, 3138
4021402, 5.2239, 3127
4021400, 5.2106, 3119
4021314, 5.2089, 3118
4021312, 4.8864, 2925
4021311, 4.7761, 2859
4021310, 4.6357, 2775
4021309, 4.482, 2683
4021308, 4.2848, 2565
4021307, 4.0341, 2415
4021306, 3.8018, 2276
4021305, 3.6263, 2171
4021304, 3.4943, 2092
4021303, 3.4291, 2053
4021302, 3.4108, 2042
4021300, 3.3974, 2034
4021214, 3.3723, 2019
4021213, 3.1818, 1905
4021211, 2.9579, 1771
4021210, 2.886, 1728
4021209, 2.8108, 1683
4021208, 2.6972, 1615
4021207, 2.5785, 1544
4021206, 2.4465, 1465
4021205, 2.2844, 1368
4021204, 2.1674, 1298
4021203, 2.1273, 1274
4021202, 2.1123, 1265
4021200, 2.1039, 1260
4021114, 2.0872, 1250
4021113, 1.8817, 1127
4021112, 1.7781, 1065
4021110, 1.6862, 1010
4021109, 1.6477, 987
4021108, 1.6059, 962
4021107, 1.5508, 929
4021106, 1.4756, 884
4021105, 1.4004, 839
4021104, 1.3219, 792
4021103, 1.2901, 773
4021102, 1.2818, 768
4021100, 1.2767, 765
4021014, 1.2684, 760
4021013, 1.1447, 686
4021012, 1.0896, 653
4021011, 1.0545, 632
4021009, 0.9977, 598
4021008, 0.9642, 578
4021007, 0.9425, 565
4021006, 0.9024, 541
4021005, 0.8422, 505
4021004, 0.8172, 490
4021003, 0.7921, 475
4021002, 0.7854, 471
4020914, 0.7821, 469
4020913, 0.7052, 423
4020912, 0.6718, 403
4020911, 0.6568, 394
4020910, 0.6283, 377
4020908, 0.5882, 353
4020907, 0.5715, 343
4020906, 0.5598, 336
4020905, 0.5398, 324
4020904, 0.5231, 314
4020903, 0.5197, 312
4020902, 0.5064, 304
4020900, 0.5047, 303
4020814, 0.503, 302
4020813, 0.4746, 285
4020812, 0.4646, 279
4020811, 0.4612, 277
4020810, 0.4479, 269
4020809, 0.4278, 257
4020807, 0.4094, 246
4020806, 0.4044, 243
4020805, 0.4027, 242
4020804, 0.3927, 236
4020803, 0.3877, 233
4020802, 0.381, 229
4020800, 0.3793, 228
4020714, 0.376, 226
4020713, 0.3543, 213
4020712, 0.3443, 207
4020711, 0.3376, 203
4020710, 0.3309, 199
4020709, 0.3158, 190
4020708, 0.2975, 179
4020705, 0.2891, 174
4020704, 0.2874, 173
4020700, 0.2858, 172
4020614, 0.2841, 171
4020613, 0.2691, 162
4020612, 0.2657, 160
4020611, 0.264, 159
4020610, 0.254, 153
4020609, 0.2423, 146
4020608, 0.2323, 140
4020607, 0.2156, 130
4020605, 0.2122, 128
4020603, 0.2089, 126
4020602, 0.2072, 125
4020600, 0.2055, 124
4020514, 0.2039, 123
4020513, 0.2005, 121
4020512, 0.1989, 120
4020511, 0.1955, 118
4020510, 0.1922, 116
4020509, 0.1805, 109
4020508, 0.1705, 103
4020507, 0.1638, 99
4020506, 0.1621, 98
4020504, 0.1588, 96
4020500, 0.1571, 95
4020414, 0.1554, 94
4020412, 0.1537, 93
4020411, 0.1521, 92
4020410, 0.1504, 91
4020409, 0.1471, 89
4020408, 0.1387, 84
4020407, 0.1354, 82
4020406, 0.132, 80
4020309, 0.1303, 79
4020307, 0.127, 77
4020306, 0.1253, 76
4020305, 0.1237, 75
4020304, 0.122, 74
4020214, 0.1203, 73
4020213, 0.1186, 72
4020209, 0.117, 71
4020208, 0.1153, 70
4020205, 0.1136, 69
4020204, 0.112, 68
4020200, 0.1103, 67
4011413, 0.1086, 66
4011412, 0.0685, 42
4011411, 0.0618, 38
4011410, 0.0602, 37
4011408, 0.0585, 36
4011407, 0.0551, 34
4011405, 0.0535, 33
4011312, 0.0485, 30
4011311, 0.0318, 20
4011310, 0.0301, 19
4011304, 0.0284, 18
4011303, 0.0267, 17
4011302, 0.0217, 14
4011211, 0.0184, 12
4011207, 0.0117, 8
4011205, 0.0084, 6
4011204, 0.0067, 5
4011009, 0.005, 4
4011008, 0.0017, 2
4010504, 0.0, 1
4000000, 0, 0
5131413, 100, 59840
5131413, 99.9967, 59839
5131407, 99.995, 59838
5131300, 99.9933, 59837
5131200, 99.9916, 59836
5131100, 99.99, 59835
5131009, 99.9883, 59834
5130908, 99.9866, 59833
5130900, 99.9816, 59830
5130807, 99.9799, 59829
5130800, 99.9783, 59828
5121400, 99.9766, 59827
5121300, 99.9682, 59822
5121200, 99.9566, 59815
5121100, 99.9515, 59812
5121000, 99.9499, 59811
5120900, 99.9449, 59808
5120800, 99.9415, 59806
5120700, 99.9365, 59803
5120600, 99.9332, 59801
5120500, 99.9298, 59799
5120400, 99.9215, 59794
5120300, 99.9114, 59788
5120200, 99.8981, 59780
5111413, 99.8914, 59776
5111406, 99.8797, 59769
5111400, 99.8529, 59753
5111312, 99.8362, 59743
5111300, 99.8229, 59735
5111211, 99.8212, 59734
5111200, 99.8061, 59725
5111110, 99.7961, 59719
5111100, 99.7811, 59710
5111012, 99.7711, 59704
5111009, 99.7694, 59703
5111000, 99.7443, 59688
5110908, 99.7259, 59677
5110900, 99.7076, 59666
5110807, 99.7009, 59662
5110800, 99.6758, 59647
5110706, 99.6691, 59643
5110700, 99.624, 59616
5101400, 99.6123, 59609
5101300, 99.5003, 59542
5101200, 99.3583, 59457
5101100, 99.1745, 59347
5101000, 98.999, 59242
5100900, 98.7751, 59108
5100800, 98.5762, 58989
5100700, 98.3305, 58842
5100600, 98.1417, 58729
5100500, 97.8593, 58560
5100400, 97.5234, 58359
5100300, 97.1992, 58165
5100200, 96.8031, 57928
5091413, 96.4104, 57693
5091405, 96.1247, 57522
5091400, 95.7821, 57317
5091312, 95.7303, 57286
5091300, 95.5214, 57161
5091211, 95.483, 57138
5091200, 95.2624, 57006
5091110, 95.2089, 56974
5091100, 95.0017, 56850
5091012, 94.9632, 56827
5091011, 94.9432, 56815
5091009, 94.9365, 56811
5091000, 94.6942, 56666
5090908, 94.634, 56630
5090900, 94.3767, 56476
5090807, 94.3199, 56442
5090800, 94.0207, 56263
5090706, 93.9522, 56222
5090700, 93.608, 56016
5090605, 93.5311, 55970
5090600, 93.2453, 55799
5081413, 93.1835, 55762
5081412, 92.9779, 55639
5081411, 92.5735, 55397
5081410, 92.2309, 55192
5081409, 91.8533, 54966
5081408, 91.5475, 54783
5081407, 91.3118, 54642
5081406, 91.1514, 54546
5081405, 91.0428, 54481
5081404, 90.9943, 54452
5081403, 90.9793, 54443
5081402, 90.9693, 54437
5081400, 90.9642, 54434
5081314, 90.9241, 54410
5081312, 90.7203, 54288
5081311, 90.3392, 54060
5081310, 89.9515, 53828
5081309, 89.517, 53568
5081308, 89.1695, 53360
5081307, 88.8603, 53175
5081306, 88.6865, 53071
5081305, 88.5795, 53007
5081304, 88.5545, 52992
5081303, 88.5411, 52984
5081302, 88.5344, 52980
5081300, 88.5294, 52977
5081214, 88.4743, 52944
5081213, 88.257, 52814
5081211, 87.9144, 52609
5081210, 87.4549, 52334
5081209, 87.0104, 52068
5081208, 86.6277, 51839
5081207, 86.377, 51689
5081206, 86.2082, 51588
5081205, 86.1414, 51548
5081204, 86.1113, 51530
5081203, 86.0963, 51521
5081202, 86.0946, 51520
5081200, 86.0912, 51518
5081114, 86.0511, 51494
5081113, 85.8205, 51356
5081112, 85.3844, 51095
5081110, 84.9415, 50830
5081109, 84.4769, 50552
5081108, 84.0892, 50320
5081107, 83.7951, 50144
5081106, 83.6397, 50051
5081105, 83.5795, 50015
5081104, 83.5428, 49993
5081103, 83.5311, 49986
5081102, 83.5277, 49984
5081100, 83.5261, 49983
5081014, 83.4926, 49963
5081013, 83.1768, 49774
5081012, 82.7356, 49510
5081011, 82.2878, 49242
5081009, 81.8299, 48968
5081008, 81.504, 48773
5081007, 81.2517, 48622
5081006, 81.0795, 48519
5081005, 81.006, 48475
5081004, 80.9743, 48456
5081003, 80.9693, 48453
5081002, 80.9609, 48448
5081000, 80.9592, 48447
5080914, 80.9057, 48415
5080913, 80.5983, 48231
5080912, 80.1404, 47957
5080911, 79.6591, 47669
5080910, 79.1811, 47383
5080908, 78.7968, 47153
5080907, 78.5846, 47026
5080906, 78.4108, 46922
5080905, 78.3239, 46870
5080904, 78.3005, 46856
5080903, 78.2904, 46850
5080902, 78.2888, 46849
5080900, 78.2871, 46848
5080814, 78.2487, 46825
5080813, 78.003, 46678
5080812, 77.5017, 46378
5080811, 76.9753, 46063
5080810, 76.5023, 45780
5080809, 76.143, 45565
5080807, 75.8473, 45388
5080806, 75.7052, 45303
5080805, 75.635, 45261
5080804, 75.6066, 45244
5080803, 75.5999, 45240
5080802, 75.5966, 45238
5080800, 75.5916, 45235
5080714, 75.5548, 45213
5080713, 75.1989, 45000
5080712, 74.7259, 44717
5080711, 74.1611, 44379
5080710, 73.6848, 44094
5080709, 73.3205, 43876
5080708, 73.12, 43756
5080706, 72.9646, 43663
5080705, 72.9261, 43640
5080704, 72.8994, 43624
5080703, 72.881, 43613
5080702, 72.8777, 43611
5080700, 72.876, 43610
5080614, 72.8342, 43585
5080613, 72.5501, 43415
5080612, 72.0388, 43109
5080611, 71.6093, 42852
5080610, 71.1497, 42577
5080609, 70.7971, 42366
5080608, 70.5231, 42202
5080607, 70.391, 42123
5080605, 70.3326, 42088
5080604, 70.3192, 42080
5080603, 70.3142, 42077
5080602, 70.3108, 42075
5080600, 70.3092, 42074
5080514, 70.2607, 42045
5080513, 69.9783, 41876
5080512, 69.4836, 41580
5080511, 68.9405, 41255
5080510, 68.5277, 41008
5080509, 68.1835, 40802
5080508, 67.9495, 40662
5080507, 67.7975, 40571
5080506, 67.739, 40536
5080504, 67.7189, 40524
5080503, 67.7122, 40520
5080502, 67.7055, 40516
5080500, 67.7039, 40515
5080414, 67.6604, 40489
5080413, 67.2878, 40266
5080412, 66.8733, 40018
5080411, 66.3636, 39713
5080410, 65.9375, 39458
5080409, 65.6317, 39275
5080408, 65.4311, 39155
5080407, 65.3242, 39091
5080406, 65.2691, 39058
5080405, 65.2457, 39044
5080403, 65.2423, 39042
5080402, 65.2406, 39041
5080400, 65.239, 39040
5080314, 65.1855, 39008
5080313, 64.9081, 38842
5080312, 64.4602, 38574
5080311, 64.0023, 38300
5080310, 63.5227, 38013
5080309, 63.1634, 37798
5080308, 62.9479, 37669
5080307, 62.8326, 37600
5080306, 62.7757, 37566
5080305, 62.749, 37550
5080304, 62.7457, 37548
5080302, 62.7423, 37546
5080300, 62.7406, 37545
5080214, 62.7156, 37530
5080213, 62.3981, 37340
5080212, 61.9418, 37067
5080211, 61.4706, 36785
5080210, 61.0311, 36522
5080209, 60.757, 36358
5080208, 60.5565, 36238
5080207, 60.4579, 36179
5080206, 60.3844, 36135
5080205, 60.366, 36124
5080204, 60.3626, 36122
5080200, 60.3576, 36119
5071413, 60.3192, 36096
5071412, 60.3142, 36093
5071411, 60.2774, 36071
5071410, 60.2356, 36046
5071409, 60.2206, 36037
5071408, 60.2122, 36032
5071407, 60.2022, 36026
5071406, 60.1822, 36014
5071405, 60.1571, 35999
5071404, 60.137, 35987
5071403, 60.107, 35969
5071402, 60.0685, 35946
5071314, 60.0184, 35916
5071312, 60.015, 35914
5071311, 59.9799, 35893
5071310, 59.9499, 35875
5071309, 59.9181, 35856
5071308, 59.8964, 35843
5071307, 59.873, 35829
5071306, 59.858, 35820
5071305, 59.8479, 35814
5071304, 59.8346, 35806
5071303, 59.8061, 35789
5071302, 59.7744, 35770
5071214, 59.7326, 35745
5071213, 59.7309, 35744
5071211, 59.7092, 35731
5071210, 59.6641, 35704
5071209, 59.634, 35686
5071208, 59.6073, 35670
5071207, 59.5839, 35656
5071206, 59.5638, 35644
5071205, 59.5455, 35633
5071204, 59.5237, 35620
5071203, 59.5053, 35609
5071202, 59.487, 35598
5071114, 59.4586, 35581
5071113, 59.4552, 35579
5071112, 59.4268, 35562
5071110, 59.3867, 35538
5071109, 59.3583, 35521
5071108, 59.3249, 35501
5071107, 59.2998, 35486
5071106, 59.2864, 35478
5071105, 59.2664, 35466
5071104, 59.258, 35461
5071103, 59.238, 35449
5071102, 59.2179, 35437
5071014, 59.1845, 35417
5071013, 59.1828, 35416
5071012, 59.1561, 35400
5071011, 59.116, 35376
5071009, 59.0892, 35360
5071008, 59.0525, 35338
5071007, 59.0174, 35317
5071006, 58.9723, 35290
5071005, 58.9489, 35276
5071004, 58.9205, 35259
5071003, 58.882, 35236
5071002, 58.8553, 35220
5070913, 58.8285, 35204
5070912, 58.8018, 35188
5070911, 58.7567, 35161
5070910, 58.7082, 35132
5070908, 58.6715, 35110
5070907, 58.613, 35075
5070906, 58.5812, 35056
5070905, 58.5244, 35022
5070904, 58.4659, 34987
5070903, 58.4241, 34962
5070902, 58.3857, 34939
5070814, 58.3573, 34922
5070813, 58.3523, 34919
5070812, 58.3105, 34894
5070811, 58.252, 34859
5070810, 58.1935, 34824
5070809, 58.135, 34789
5070807, 58.0765, 34754
5070806, 57.9696, 34690
5070805, 57.866, 34628
5070804, 57.7924, 34584
5070803, 57.7423, 34554
5070802, 57.6721, 34512
5070714, 57.622, 34482
5070713, 57.6153, 34478
5070712, 57.5819, 34458
5070711, 57.5, 34409
5070710, 57.3864, 34341
5070709, 57.3045, 34292
5070708, 57.1842, 34220
5070706, 57.1006, 34170
5070705, 56.9368, 34072
5070704, 56.8382, 34013
5070703, 56.7346, 33951
5070702, 56.6477, 33899
5070614, 56.5809, 33859
5070613, 56.5608, 33847
5070612, 56.4555, 33784
5070611, 56.3519, 33722
5070610, 56.2283, 33648
5070609, 56.0762, 33557
5070608, 55.8874, 33444
5070607, 55.7537, 33364
5070605, 55.635, 33293
5070604, 55.4245, 33167
5070603, 55.2791, 33080
5070602, 55.1504, 33003
5070514, 55.0685, 32954
5070513, 55.0234, 32927
5070512, 54.9047, 32856
5070511, 54.6942, 32730
5070510, 54.4936, 32610
5070509, 54.2313, 32453
5070508, 53.9856, 32306
5070507, 53.7182, 32146
5070506, 53.5077, 32020
5070504, 53.3239, 31910
5070503, 53.0632, 31754
5070502, 52.8559, 31630
5070414, 52.7423, 31562
5070413, 52.6888, 31530
5070412, 52.5033, 31419
5070411, 52.2142, 31246
5070410, 51.875, 31043
5070409, 51.5675, 30859
5070408, 51.2132, 30647
5070407, 50.8974, 30458
5070406, 50.6083, 30285
5070405, 50.3576, 30135
5070403, 50.1805, 30029
5070402, 49.9081, 29866
5070314, 49.7293, 29759
5070313, 49.6725, 29725
5070312, 49.4151, 29571
5070311, 49.0658, 29362
5070310, 48.643, 29109
5070309, 48.1601, 28820
5070308, 47.7022, 28546
5070307, 47.2844, 28296
5070306, 46.8984, 28065
5070305, 46.6126, 27894
5070304, 46.3787, 27754
5070302, 46.1648, 27626
5070214, 45.8857, 27459
5070213, 45.7821, 27397
5070212, 45.483, 27218
5070211, 45.0585, 26964
5070210, 44.5304, 26648
5070209, 43.999, 26330
5070208, 43.4609, 26008
5070207, 42.9195, 25684
5070206, 42.5, 25433
5070205, 42.1741, 25238
5070204, 41.89, 25068
5070203, 41.6511, 24925
5061414, 41.4739, 24819
5061413, 40.9659, 24515
5061412, 39.1928, 23454
5061411, 37.7724, 22604
5061410, 36.7714, 22005
5061409, 36.0729, 21587
5061408, 35.7035, 21366
5061407, 35.3994, 21184
5061406, 35.2741, 21109
5061405, 35.1989, 21064
5061404, 35.1771, 21051
5061314, 35.1671, 21045
5061313, 35.1571, 21039
5061312, 34.4853, 20637
5061311, 32.2493, 19299
5061310, 30.6651, 18351
5061309, 29.487, 17646
5061308, 28.6848, 17166
5061307, 28.257, 16910
5061306, 28.0047, 16759
5061305, 27.8844, 16687
5061304, 27.8526, 16668
5061303, 27.8359, 16658
5061214, 27.8326, 16656
5061213, 27.8242, 16651
5061212, 27.7991, 16636
5061211, 26.9987, 16157
5061210, 25.0, 14961
5061209, 23.6029, 14125
5061208, 22.6253, 13540
5061207, 22.0822, 13215
5061206, 21.7647, 13025
5061205, 21.6143, 12935
5061204, 21.5508, 12897
5061203, 21.5307, 12885
5061114, 21.5291, 12884
5061111, 21.5241, 12881
5061110, 20.8456, 12475
5061109, 19.3516, 11581
5061108, 18.2821, 10941
5061107, 17.6287, 10550
5061106, 17.3078, 10358
5061105, 17.1123, 10241
5061104, 17.0471, 10202
5061103, 17.0388, 10197
5061014, 17.0354, 10195
5061013, 17.0271, 10190
5061012, 17.002, 10175
5061011, 16.9753, 10159
5061010, 16.9602, 10150
5061009, 16.4656, 9854
5061008, 15.4479, 9245
5061007, 14.7978, 8856
5061006, 14.4201, 8630
5061005, 14.2229, 8512
5061004, 14.136, 8460
5060909, 14.116, 8448
5060908, 13.7767, 8245
5060907, 13.135, 7861
5060906, 12.6822, 7590
5060905, 12.4933, 7477
5060904, 12.4031, 7423
5060903, 12.373, 7405
5060808, 12.3713, 7404
5060807, 12.2059, 7305
5060806, 11.8566, 7096
5060805, 11.6628, 6980
5060804, 11.5675, 6923
5060803, 11.5324, 6902
5060707, 11.5257, 6898
5060706, 11.4138, 6831
5060705, 11.2433, 6729
5060704, 11.1547, 6676
5060703, 11.133, 6663
5060606, 11.1297, 6661
5060605, 11.0862, 6635
5060604, 11.0227, 6597
5060603, 11.0077, 6588
5060505, 11.0043, 6586
5060504, 10.9926, 6579
5060503, 10.9843, 6574
5060404, 10.9809, 6572
5060403, 10.9709, 6566
5060303, 10.9642, 6562
5051414, 10.9626, 6561
5051413, 10.9576, 6558
5051410, 9.9465, 5953
5051405, 9.9449, 5952
5051404, 9.1661, 5486
5051402, 9.1644, 5485
5051312, 9.141, 5471
5051311, 8.3924, 5023
5051309, 8.3907, 5022
5051213, 8.3874, 5020
5051211, 8.384, 5018
5051210, 7.5702, 4531
5051209, 7.5685, 4530
5051112, 7.5668, 4529
5051111, 7.5652, 4528
5051110, 7.5635, 4527
5051109, 6.6594, 3986
5051108, 6.6561, 3984
5051012, 6.6544, 3983
5051011, 6.6511, 3981
5051009, 6.6477, 3979
5051008, 5.6568, 3386
5050911, 5.6501, 3382
5050908, 5.6467, 3380
5050906, 4.5973, 2752
5050810, 4.5939, 2750
5050809, 4.5922, 2749
5050808, 4.5906, 2748
5050807, 4.5889, 2747
5050805, 3.5846, 2146
5050709, 3.5779, 2142
5050707, 3.5762, 2141
5050706, 3.5745, 2140
5050705, 2.5685, 1538
5050704, 2.5652, 1536
5050607, 2.5635, 1535
5050605, 2.5618, 1534
5050603, 1.5341, 919
5050507, 1.5307, 917
5050504, 1.5274, 915
5050503, 1.5224, 912
5050414, 1.5174, 909
5050407, 1.5157, 908
5050406, 1.514, 907
5050405, 1.5124, 906
5050403, 1.5107, 905
5050402, 1.509, 904
5050314, 1.5074, 903
5041413, 1.5057, 902
5041412, 1.4522, 870
5041411, 1.4037, 841
5041410, 1.3519, 810
5041409, 1.3051, 782
5041408, 1.2617, 756
5041407, 1.2182, 730
5041406, 1.2015, 720
5041405, 1.1865, 711
5041404, 1.1765, 705
5041403, 1.1213, 672
5041402, 1.108, 664
5041314, 1.1046, 662
5041312, 1.0361, 621
5041311, 1.0094, 605
5041310, 0.9693, 581
5041309, 0.9275, 556
5041308, 0.8924, 535
5041307, 0.864, 518
5041306, 0.8356, 501
5041305, 0.8222, 493
5041304, 0.8189, 491
5041303, 0.7955, 477
5041302, 0.7804, 468
5041301, 0.7704, 462
5041214, 0.7587, 455
5041213, 0.7286, 437
5041211, 0.6768, 406
5041210, 0.6551, 393
5041209, 0.625, 375
5041208, 0.5949, 357
5041207, 0.5598, 336
5041206, 0.5448, 327
5041204, 0.5398, 324
5041203, 0.5231, 314
5041202, 0.5097, 306
5041201, 0.498, 299
5041114, 0.4779, 287
5041113, 0.4662, 280
5041112, 0.4529, 272
5041110, 0.4228, 254
5041109, 0.4078, 245
5041108, 0.3927, 236
5041107, 0.3676, 221
5041106, 0.3593, 216
5041104, 0.3526, 212
5041103, 0.3476, 209
5041102, 0.3459, 208
5041101, 0.3342, 201
5041014, 0.3259, 196
5041013, 0.3192, 192
5041012, 0.3108, 187
5041011, 0.2941, 177
5041009, 0.2824, 170
5041008, 0.2791, 168
5041007, 0.2707, 163
5041006, 0.2657, 160
5041005, 0.2607, 157
5041004, 0.259, 156
5041003, 0.254, 153
5041002, 0.2523, 152
5041001, 0.249, 150
5040914, 0.244, 147
5040913, 0.2373, 143
5040912, 0.234, 141
5040911, 0.2289, 138
5040910, 0.2172, 131
5040908, 0.2039, 123
5040907, 0.1989, 120
5040906, 0.1972, 119
5040905, 0.1955, 118
5040904, 0.1922, 116
5040902, 0.1888, 114
5040901, 0.1855, 112
5040814, 0.1822, 110
5040813, 0.1805, 109
5040812, 0.1755, 106
5040811, 0.1638, 99
5040810, 0.1604, 97
5040809, 0.1588, 96
5040806, 0.1537, 93
5040804, 0.1487, 90
5040803, 0.1471, 89
5040714, 0.1454, 88
5040712, 0.1437, 87
5040711, 0.142, 86
5040710, 0.137, 83
5040709, 0.1337, 81
5040708, 0.132, 80
5040706, 0.1303, 79
5040704, 0.1287, 78
5040703, 0.1253, 76
5040702, 0.122, 74
5040614, 0.1203, 73
5040612, 0.117, 71
5040610, 0.1153, 70
5040609, 0.112, 68
5040607, 0.1053, 64
5040605, 0.1036, 63
5040511, 0.1019, 62
5040510, 0.1003, 61
5040509, 0.0986, 60
5040502, 0.0969, 59
5040411, 0.0953, 58
5040410, 0.0919, 56
5040407, 0.0886, 54
5040312, 0.0869, 53
5040310, 0.0852, 52
5040302, 0.0836, 51
5040301, 0.0802, 49
5031210, 0.0785, 48
5031207, 0.0752, 46
5031009, 0.0735, 45
5031008, 0.0652, 40
5031007, 0.0635, 39
5031002, 0.0618, 38
5030908, 0.0602, 37
5030907, 0.0585, 36
5030903, 0.0568, 35
5030706, 0.0535, 33
5030605, 0.0518, 32
5030603, 0.0501, 31
5030602, 0.0485, 30
5030503, 0.0468, 29
5030502, 0.0451, 28
5030302, 0.0434, 27
5021213, 0.0401, 25
5021209, 0.0384, 24
5021113, 0.0368, 23
5021014, 0.0351, 22
5021012, 0.0334, 21
5020911, 0.0318, 20
5020910, 0.0284, 18
5020810, 0.0267, 17
5020809, 0.0251, 16
5020714, 0.0234, 15
5020712, 0.0217, 14
5020612, 0.0201, 13
5020609, 0.0167, 11
5020512, 0.015, 10
5020511, 0.0134, 9
5020510, 0.01, 7
5020210, 0.0084, 6
5011402, 0.0067, 5
5011311, 0.005, 4
5011204, 0.0033, 3
5011104, 0.0017, 2
5011102, 0.0, 1
5000000, 0, 0
6191413, 100, 59840
6191413, 99.9967, 59839
6191410, 99.995, 59838
6191406, 99.9916, 59836
6191400, 99.9432, 59807
6191312, 99.9365, 59803
6191300, 99.9332, 59801
6191211, 99.9298, 59799
6191200, 99.9248, 59796
6191110, 99.9198, 59793
6191009, 99.9114, 59788
6190908, 99.8496, 59751
6190807, 99.8312, 59740
6190706, 99.7961, 59719
6181400, 99.7527, 59693
6181300, 99.7477, 59690
6181200, 99.7293, 59679
6181100, 99.7243, 59676
6181000, 99.7126, 59669
6180900, 99.7042, 59664
6180800, 99.6975, 59660
6180700, 99.6908, 59656
6180600, 99.6842, 59652
6180500, 99.6758, 59647
6180400, 99.6741, 59646
6171413, 99.6708, 59644
6171409, 99.6658, 59641
6171400, 99.6491, 59631
6171312, 99.6273, 59618
6171300, 99.6123, 59609
6171211, 99.6056, 59605
6171200, 99.5856, 59593
6171110, 99.5789, 59589
6171100, 99.5204, 59554
6171009, 99.5087, 59547
6171000, 99.4903, 59536
6161400, 99.487, 59534
6161300, 99.4786, 59529
6161100, 99.4686, 59523
6161000, 99.4669, 59522
6160800, 99.4586, 59517
6160700, 99.4552, 59515
6160600, 99.4519, 59513
6160500, 99.4452, 59509
6160400, 99.4418, 59507
6160300, 99.4352, 59503
6160200, 99.4335, 59502
6151413, 99.4318, 59501
6151408, 99.4034, 59484
6151400, 99.3583, 59457
6151312, 99.3366, 59444
6151300, 99.2965, 59420
6151211, 99.2881, 59415
6151200, 99.2497, 59392
6151110, 99.2363, 59384
6151100, 99.1995, 59362
6151012, 99.1795, 59350
6151009, 99.1778, 59349
6151000, 99.1377, 59325
6150908, 99.1243, 59317
6150900, 99.0625, 59280
6141400, 99.0441, 59269
6141300, 98.9923, 59238
6141200, 98.9355, 59204
6141100, 98.9037, 59185
6141000, 98.8636, 59161
6140900, 98.8252, 59138
6140800, 98.7784, 59110
6140700, 98.7467, 59091
6140600, 98.7066, 59067
6140500, 98.6731, 59047
6140400, 98.6414, 59028
6140300, 98.5946, 59000
6140200, 98.5528, 58975
6131413, 98.506, 58947
6131407, 98.4325, 58903
6131400, 98.2537, 58796
6131312, 98.1451, 58731
6131300, 98.0297, 58662
6131211, 97.9846, 58635
6131200, 97.8743, 58569
6131110, 97.8376, 58547
6131100, 97.754, 58497
6131012, 97.6939, 58461
6131011, 97.6905, 58459
6131009, 97.6888, 58458
6131000, 97.5886, 58398
6130908, 97.5485, 58374
6130900, 97.4164, 58295
6130807, 97.3663, 58265
6130800, 97.1908, 58160
6121400, 97.139, 58129
6121300, 96.88, 57974
6121200, 96.6477, 57835
6121100, 96.3536, 57659
6121000, 96.0846, 57498
6120900, 95.8172, 57338
6120800, 95.5515, 57179
6120700, 95.2507, 56999
6120600, 94.9265, 56805
6120500, 94.5973, 56608
6120400, 94.2981, 56429
6120300, 94.0191, 56262
6120200, 93.7233, 56085
6111413, 93.3974, 55890
6111406, 93.1852, 55763
6111400, 92.7707, 55515
6111312, 92.4415, 55318
6111300, 92.1758, 55159
6111211, 92.0622, 55091
6111200, 91.8182, 54945
6111110, 91.6912, 54869
6111100, 91.3904, 54689
6111012, 91.2868, 54627
6111011, 91.2684, 54616
6111009, 91.2617, 54612
6111000, 90.9809, 54444
6110908, 90.8322, 54355
6110900, 90.5264, 54172
6110807, 90.4044, 54099
6110800, 90.0869, 53909
6110706, 89.9281, 53814
6110700, 89.5254, 53573
6101400, 89.3683, 53479
6101300, 88.2453, 52807
6101200, 87.0003, 52062
6101100, 85.7403, 51308
6101000, 84.5989, 50625
6100900, 83.3272, 49864
6100800, 82.0739, 49114
6100700, 80.8189, 48363
6100600, 79.4953, 47571
6100500, 78.125, 46751
6100400, 76.8265, 45974
6100300, 75.4796, 45168
6100200, 74.126, 44358
6091413, 72.7089, 43510
6091405, 72.0087, 43091
6091400, 70.9358, 42449
6091312, 69.8697, 41811
6091300, 69.3382, 41493
6091211, 69.0007, 41291
6091200, 68.4977, 40990
6091110, 68.2186, 40823
6091100, 67.7172, 40523
6091012, 67.3329, 40293
6091011, 67.3128, 40281
6091009, 67.3011, 40274
6091000, 66.763, 39952
6090908, 66.377, 39721
6090900, 65.859, 39411
6090807, 65.493, 39192
6090800, 64.9164, 38847
6090706, 64.5638, 38636
6090700, 63.9338, 38259
6090605, 63.5595, 38035
6090600, 62.9094, 37646
6081413, 62.5635, 37439
6081412, 62.5267, 37417
6081411, 62.3145, 37290
6081410, 61.9519, 37073
6081409, 61.4489, 36772
6081408, 61.0077, 36508
6081407, 60.6016, 36265
6081406, 60.2256, 36040
6081405, 59.9549, 35878
6081404, 59.8513, 35816
6081403, 59.8162, 35795
6081402, 59.8045, 35788
6081400, 59.8011, 35786
6081314, 59.7209, 35738
6081312, 59.6942, 35722
6081311, 59.4235, 35560
6081310, 59.0157, 35316
6081309, 58.5344, 35028
6081308, 58.0999, 34768
6081307, 57.7874, 34581
6081306, 57.5167, 34419
6081305, 57.3429, 34315
6081304, 57.2727, 34273
6081303, 57.2493, 34259
6081300, 57.2393, 34253
6081214, 57.1574, 34204
6081213, 57.1039, 34172
6081211, 56.8867, 34042
6081210, 56.4489, 33780
6081209, 56.0144, 33520
6081208, 55.5782, 33259
6081207, 55.2022, 33034
6081206, 54.9148, 32862
6081205, 54.7543, 32766
6081204, 54.7042, 32736
6081203, 54.6959, 32731
6081202, 54.6892, 32727
6081200, 54.6858, 32725
6081114, 54.6324, 32693
6081113, 54.5839, 32664
6081112, 54.3549, 32527
6081110, 53.994, 32311
6081109, 53.4943, 32012
6081108, 53.12, 31788
6081107, 52.8058, 31600
6081106, 52.6053, 31480
6081105, 52.5, 31417
6081104, 52.4515, 31388
6081103, 52.4265, 31373
6081102, 52.4231, 31371
6081100, 52.4198, 31369
6081014, 52.3797, 31345
6081013, 52.3229, 31311
6081012, 52.0939, 31174
6081011, 51.7396, 30962
6081009, 51.2918, 30694
6081008, 50.9108, 30466
6081007, 50.6334, 30300
6081006, 50.4629, 30198
6081005, 50.3225, 30114
6081004, 50.2791, 30088
6081003, 50.2624, 30078
6081002, 50.259, 30076
6081000, 50.254, 30073
6080914, 50.2172, 30051
6080913, 50.137, 30003
6080912, 49.8362, 29823
6080911, 49.4886, 29615
6080910, 49.0675, 29363
6080908, 48.6915, 29138
6080907, 48.4358, 28985
6080906, 48.2704, 28886
6080905, 48.1768, 28830
6080904, 48.1551, 28817
6080903, 48.14, 28808
6080900, 48.1367, 28806
6080814, 48.0832, 28774
6080813, 48.018, 28735
6080812, 47.8092, 28610
6080811, 47.4682, 28406
6080810, 47.129, 28203
6080809, 46.7948, 28003
6080807, 46.5541, 27859
6080806, 46.4071, 27771
6080805, 46.3402, 27731
6080804, 46.3085, 27712
6080803, 46.3001, 27707
6080802, 46.2934, 27703
6080800, 46.2868, 27699
6080714, 46.24, 27671
6080713, 46.1347, 27608
6080712, 45.864, 27446
6080711, 45.5013, 27229
6080710, 45.0735, 26973
6080709, 44.7126, 26757
6080708, 44.4535, 26602
6080706, 44.3098, 26516
6080705, 44.2564, 26484
6080704, 44.2363, 26472
6080703, 44.2279, 26467
6080702, 44.2263, 26466
6080700, 44.2246, 26465
6080614, 44.1711, 26433
6080613, 44.0541, 26363
6080612, 43.8252, 26226
6080611, 43.5027, 26033
6080610, 43.1417, 25817
6080609, 42.8025, 25614
6080608, 42.5902, 25487
6080607, 42.4649, 25412
6080605, 42.4181, 25384
6080604, 42.3997, 25373
6080603, 42.3914, 25368
6080602, 42.388, 25366
6080600, 42.3864, 25365
6080514, 42.3613, 25350
6080513, 42.251, 25284
6080512, 41.9836, 25124
6080511, 41.6494, 24924
6080510, 41.3085, 24720
6080509, 41.0394, 24559
6080508, 40.8138, 24424
6080507, 40.7086, 24361
6080506, 40.6551, 24329
6080504, 40.6434, 24322
6080503, 40.6384, 24319
6080500, 40.6367, 24318
6080414, 40.5932, 24292
6080413, 40.4846, 24227
6080412, 40.1805, 24045
6080411, 39.8663, 23857
6080410, 39.5555, 23671
6080409, 39.3031, 23520
6080408, 39.1444, 23425
6080407, 39.0642, 23377
6080406, 39.0107, 23345
6080405, 38.9973, 23337
6080400, 38.994, 23335
6080314, 38.9505, 23309
6080313, 38.8185, 23230
6080312, 38.5043, 23042
6080311, 38.1835, 22850
6080310, 37.8643, 22659
6080309, 37.6537, 22533
6080308, 37.495, 22438
6080307, 37.4098, 22387
6080306, 37.378, 22368
6080305, 37.3513, 22352
6080304, 37.3429, 22347
6080300, 37.3412, 22346
6080214, 37.3095, 22327
6080213, 37.1524, 22233
6080212, 36.8115, 22029
6080211, 36.4773, 21829
6080210, 36.1664, 21643
6080209, 35.9642, 21522
6080208, 35.8255, 21439
6080207, 35.7403, 21388
6080206, 35.6952, 21361
6080205, 35.6852, 21355
6080204, 35.6801, 21352
6080200, 35.6785, 21351
6071413, 35.6334, 21324
6071412, 35.6317, 21323
6071411, 35.6283, 21321
6071409, 35.6267, 21320
6071408, 35.6233, 21318
6071407, 35.6166, 21314
6071406, 35.6083, 21309
6071405, 35.6016, 21305
6071404, 35.5866, 21296
6071403, 35.5699, 21286
6071402, 35.5515, 21275
6071312, 35.5348, 21265
6071311, 35.5331, 21264
6071310, 35.5297, 21262
6071309, 35.5247, 21259
6071308, 35.518, 21255
6071307, 35.5114, 21251
6071306, 35.5013, 21245
6071305, 35.498, 21243
6071304, 35.4896, 21238
6071303, 35.4813, 21233
6071302, 35.4579, 21219
6071214, 35.4311, 21203
6071213, 35.4278, 21201
6071211, 35.4245, 21199
6071210, 35.4228, 21198
6071209, 35.4211, 21197
6071208, 35.4161, 21194
6071207, 35.4078, 21189
6071206, 35.3977, 21183
6071205, 35.3877, 21177
6071204, 35.3743, 21169
6071203, 35.3643, 21163
6071202, 35.3392, 21148
6071112, 35.3092, 21130
6071109, 35.3075, 21129
6071108, 35.2908, 21119
6071107, 35.2807, 21113
6071106, 35.2657, 21104
6071105, 35.249, 21094
6071104, 35.2223, 21078
6071103, 35.1888, 21058
6071102, 35.1337, 21025
6071013, 35.0919, 21000
6071012, 35.0886, 20998
6071011, 35.0769, 20991
6071009, 35.0719, 20988
6071008, 35.0602, 20981
6071007, 35.0284, 20962
6071006, 34.9716, 20928
6071005, 34.9198, 20897
6071004, 34.8713, 20868
6071003, 34.8061, 20829
6071002, 34.7326, 20785
6070914, 34.6441, 20732
6070913, 34.639, 20729
6070912, 34.6357, 20727
6070911, 34.6273, 20722
6070910, 34.6207, 20718
6070908, 34.5906, 20700
6070907, 34.5237, 20660
6070906, 34.4602, 20622
6070905, 34.3733, 20570
6070904, 34.2463, 20494
6070903, 34.1377, 20429
6070902, 34.0007, 20347
6070814, 33.877, 20273
6070813, 33.8703, 20269
6070812, 33.8636, 20265
6070811, 33.8402, 20251
6070810, 33.7868, 20219
6070809, 33.7266, 20183
6070807, 33.6497, 20137
6070806, 33.5144, 20056
6070805, 33.3723, 19971
6070804, 33.2169, 19878
6070803, 33.0632, 19786
6070802, 32.8693, 19670
6070714, 32.6103, 19515
6070713, 32.6053, 19512
6070712, 32.5785, 19496
6070711, 32.5368, 19471
6070710, 32.4716, 19432
6070709, 32.3563, 19363
6070708, 32.2159, 19279
6070706, 32.0839, 19200
6070705, 31.8382, 19053
6070704, 31.631, 18929
6070703, 31.3653, 18770
6070702, 31.1146, 18620
6070614, 30.879, 18479
6070613, 30.8757, 18477
6070612, 30.8356, 18453
6070611, 30.7904, 18426
6070610, 30.6969, 18370
6070609, 30.5816, 18301
6070608, 30.4428, 18218
6070607, 30.234, 18093
6070605, 30.01, 17959
6070604, 29.6858, 17765
6070603, 29.3483, 17563
6070602, 29.0525, 17386
6070514, 28.7216, 17188
6070513, 28.7149, 17184
6070512, 28.6781, 17162
6070511, 28.5879, 17108
6070510, 28.4459, 17023
6070509, 28.2637, 16914
6070508, 28.0247, 16771
6070507, 27.7323, 16596
6070506, 27.4315, 16416
6070504, 27.1725, 16261
6070503, 26.8934, 16094
6070502, 26.5892, 15912
6070414, 26.2266, 15695
6070413, 26.2199, 15691
6070412, 26.1664, 15659
6070411, 26.0495, 15589
6070410, 25.879, 15487
6070409, 25.6634, 15358
6070408, 25.4094, 15206
6070407, 25.1186, 15032
6070406, 24.7961, 14839
6070405, 24.5053, 14665
6070403, 24.1995, 14482
6070402, 23.9221, 14316
6070314, 23.5495, 14093
6070313, 23.5344, 14084
6070312, 23.4659, 14043
6070311, 23.3189, 13955
6070310, 23.0899, 13818
6070309, 22.8559, 13678
6070308, 22.5852, 13516
6070307, 22.3045, 13348
6070306, 22.007, 13170
6070305, 21.7213, 12999
6070304, 21.4071, 12811
6070302, 21.0595, 12603
6070214, 20.7871, 12440
6070213, 20.7737, 12432
6070212, 20.6584, 12363
6070211, 20.498, 12267
6070210, 20.2423, 12114
6070209, 20.0, 11969
6070208, 19.7159, 11799
6070207, 19.4586, 11645
6070206, 19.2346, 11511
6070205, 19.0374, 11393
6070204, 18.7834, 11241
6070203, 18.5478, 11100
6061414, 18.2253, 10907
6061413, 17.8158, 10662
6061412, 16.1781, 9682
6061411, 14.8847, 8908
6061410, 13.9305, 8337
6061409, 13.2721, 7943
6061408, 12.8275, 7677
6061407, 12.5535, 7513
6061406, 12.4281, 7438
6061405, 12.3529, 7393
6061404, 12.3329, 7381
6061314, 12.3229, 7375
6061313, 12.3145, 7370
6061312, 11.9235, 7136
6061311, 10.6584, 6379
6061310, 9.6875, 5798
6061309, 9.0224, 5400
6061308, 8.6213, 5160
6061307, 8.3723, 5011
6061306, 8.2203, 4920
6061305, 8.1601, 4884
6061304, 8.135, 4869
6061303, 8.13, 4866
6061213, 8.1283, 4865
6061212, 8.115, 4857
6061211, 7.8209, 4681
6061210, 6.9853, 4181
6061209, 6.4271, 3847
6061208, 6.0394, 3615
6061207, 5.7988, 3471
6061206, 5.6969, 3410
6061205, 5.6367, 3374
6061204, 5.6049, 3355
6061203, 5.5983, 3351
6061114, 5.5966, 3350
6061111, 5.5916, 3347
6061110, 5.4228, 3246
6061109, 4.9415, 2958
6061108, 4.5872, 2746
6061107, 4.3951, 2631
6061106, 4.3015, 2575
6061105, 4.2564, 2548
6061104, 4.238, 2537
6061103, 4.2346, 2535
6061014, 4.233, 2534
6061013, 4.2313, 2533
6061012, 4.2263, 2530
6061011, 4.2246, 2529
6061010, 4.2196, 2526
6061009, 4.1143, 2463
6061008, 3.7851, 2266
6061007, 3.6364, 2177
6061006, 3.5311, 2114
6061005, 3.4726, 2079
6061004, 3.4509, 2066
6061003, 3.4492, 2065
6060909, 3.4459, 2063
6060908, 3.3907, 2030
6060907, 3.237, 1938
6060906, 3.1517, 1887
6060905, 3.0932, 1852
6060904, 3.0765, 1842
6060808, 3.0648, 1835
6060807, 3.008, 1801
6060806, 2.9128, 1744
6060805, 2.8426, 1702
6060804, 2.8209, 1689
6060707, 2.8142, 1685
6060706, 2.7941, 1673
6060705, 2.7523, 1648
6060704, 2.739, 1640
6060703, 2.7256, 1632
6060606, 2.7239, 1631
6060605, 2.7055, 1620
6060604, 2.7022, 1618
6060505, 2.6955, 1614
6060504, 2.6922, 1612
6060503, 2.6855, 1608
6060404, 2.6838, 1607
6051413, 2.6805, 1605
6051405, 2.3112, 1384
6051312, 1.9134, 1146
6051211, 1.4021, 840
6051110, 1.1631, 697
6051013, 0.9392, 563
6051009, 0.9375, 562
6050908, 0.7787, 467
6050807, 0.615, 369
6050706, 0.4128, 248
6050605, 0.2206, 133
6050507, 0.0284, 18
6041409, 0.0267, 17
6041406, 0.0251, 16
6041404, 0.0234, 15
6041403, 0.0217, 14
6041312, 0.0201, 13
6041310, 0.0167, 11
6041308, 0.0134, 9
6041210, 0.01, 7
6041008, 0.0084, 6
6041007, 0.0067, 5
6041004, 0.005, 4
6040905, 0.0033, 3
6040710, 0.0017, 2
6040610, 0.0, 1
6000000, 0, 0
